toponimo_i,link,varon,mujer,totalpobl,hogares,viviendasp,viv_part_h,personasxvivienda,Area_RC,Pje_Total_BP_en_RC,Porcentaje_de_hogares_con_conexion_a_red,%conaccesoredgas,%dehogarescnib,%conaccesoredeagua,connivelsec,cestudiosuper,cal1,malacmateriales,superficie,densidad_p,palto,pmedioalto,pbajo,pmuybajo
294448,060351206,239,276,515,227,324,224,2.29910714285714,19568.2878131866,0,100,97.8,0.88,100,35.09,69.1729323308271,99.55,0.45,19805.88,260.1,77.54,8.47,12.29,1.69
298343,060351301,471,508,979,306,355,282,3.47163120567376,105441.739210427,0,96.72,77.12,10.78,100,48.97,64.5468998410175,91.84,8.16,106723.88,91.75,45.85,6.77,38.15,9.23
298408,060350402,435,437,872,273,219,210,4.15238095238095,73523.7637955546,0.47,8.79,73.99,4.03,99.27,63.51,68.8729874776386,90.48,9.52,74425.04,117.2,31.66,9.05,49.75,9.55
298417,060350411,657,696,1353,430,442,414,3.26811594202899,196454.139318943,0,87.18,89.53,2.09,99.77,55.59,64.8947951273533,94.44,5.56,198867.85,68.02,41.02,5.09,42.9,10.99
298428,060350506,850,829,1679,445,369,356,4.71629213483146,152844.225636423,0,5.29,55.28,13.03,99.78,53.59,58.0387685290764,83.71,16.29,154715.35,108.53,15.37,5.05,55.05,24.54
298430,060350508,467,518,985,343,373,319,3.08777429467085,93920.2823539972,0,88.86,91.25,2.04,99.42,53.9,67.3048600883652,97.18,2.82,95068.84,103.58,49.31,8.97,35.86,5.86
298434,060350601,520,566,1086,336,348,309,3.51456310679612,151497.09744178,0,68.66,73.21,4.46,100,51.18,61.4705882352941,92.56,7.44,153347.07,70.84,35.99,8.28,46.5,9.24
298448,060350702,560,591,1151,347,362,319,3.60815047021944,134974.633728206,0.47,90.7,60.23,10.09,99.71,56.46,64.1901931649331,88.09,11.91,136617.81,84.26,31.56,6.31,50.83,11.3
298453,060350707,292,306,598,199,387,193,3.09844559585492,82421.4102201462,0,71.36,71.36,11.56,100,52.2,61.4987080103359,96.37,3.63,83425.55,71.7,28.98,4.55,51.7,14.77
298458,060350712,134,151,285,98,266,92,3.09782608695652,70673.0382146239,0,76.29,94.9,3.06,100,45.32,61.0837438423645,98.91,1.09,71535.01,39.86,54.08,9.18,27.55,9.18
298461,060350803,558,574,1132,344,355,335,3.37910447761194,30853.7579368725,0,99.7,97.09,4.36,98.84,52.97,57.7151335311573,96.72,3.28,31229.83,362.82,20.2,6.19,53.09,20.52
298488,060350914,369,407,776,254,229,212,3.66037735849057,81464.1448346972,0,90.16,67.32,8.66,99.61,54.09,62.8930817610063,85.85,14.15,82455.16,94.06,29.33,3.85,50.96,15.87
298494,060351006,337,414,751,310,370,306,2.45424836601307,19765.0442157984,0,99.01,90,4.52,100,49.52,66.0952380952381,96.73,3.27,20005.12,375.5,55.04,12.79,30.23,1.94
298497,060351009,135,177,312,140,172,140,2.22857142857143,16900.1314401627,0,100,99.29,1.43,100,37.94,65.6126482213439,95.71,4.29,17105.38,182.46,76.61,8.06,13.71,1.61
298506,060351106,388,484,872,350,401,341,2.55718475073314,29179.1789678335,0,99.71,95.14,2.86,100,42.79,63.5811836115326,97.95,2.05,29533.1,295.59,64.69,10.39,21.96,2.97
298510,060351110,373,463,836,350,442,344,2.43023255813953,28316.2079406381,0,100,99.14,0.29,100,39.59,75.3943217665615,100,0,28659.99,291.29,83.82,5.78,8.67,1.73
298514,060351207,153,209,362,160,201,158,2.29113924050633,12505.0665499568,0,99.38,100,0,100,35.74,71.4828897338403,100,0,12656.96,285.04,84.38,5,9.38,1.25
298515,060351208,500,619,1119,342,473,336,3.33035714285714,50931.2697933018,0,99.12,97.08,0.58,100,43.29,69.0972222222222,99.7,0.3,51549.84,217.28,79.71,6.67,12.46,1.16
298516,060351209,104,149,253,106,131,106,2.38679245283019,10952.4141492844,0,100,93.4,0.94,100,34.27,66.2921348314607,98.11,1.89,11085.46,227.93,72.5,7.5,19.17,0.83
298523,060351306,294,339,633,235,256,214,2.95794392523365,68583.7803659439,0,68.09,85.53,3.4,100,49.89,69.7516930022573,98.6,1.4,69418.82,91.21,56.94,9.57,28.23,5.26
298528,060351401,325,397,722,262,314,255,2.83137254901961,85817.1322259903,0,99.62,97.71,1.15,100,50.66,69.9432892249527,96.86,3.14,86860.12,83.08,65.71,6.94,26.53,0.82
298530,060351404,403,449,852,302,364,297,2.86868686868687,73813.9039259851,0,99.34,94.04,1.32,100,40.31,65.4761904761905,98.32,1.68,74711.74,114.06,62.31,9.2,25.52,2.97
298532,060351406,248,298,546,225,288,221,2.47058823529412,38664.8480863124,0,99.56,99.11,0.89,99.56,41.75,69.811320754717,100,0,39135.42,139.64,77.88,6.19,15.49,0.44
298536,060351410,392,438,830,333,383,316,2.62658227848101,82457.0003823005,0,99.4,97.9,1.2,100,40.68,70.4180064308682,99.37,0.63,83460.83,99.4,74.23,6.13,17.48,2.15
298546,060351507,471,521,992,291,325,279,3.55555555555556,204039.542634845,0,48.11,96.56,1.37,99.31,53.18,67.8176795580111,97.85,2.15,206520.86,48.04,57.09,10.12,27.94,4.86
298548,060351510,325,353,678,240,280,239,2.83682008368201,110547.027856648,0,60.83,96.67,0,100,50.2,68.9795918367347,95.82,4.18,111893.11,60.59,66.22,6.76,23.87,3.15
298557,060351607,266,315,581,206,235,201,2.89054726368159,64866.1857875586,0,11.17,86.89,0.97,99.51,52.62,66.4921465968586,93.53,6.47,65655.36,88.43,51.38,7.18,35.36,6.08
298573,060351802,421,494,915,309,340,296,3.09121621621622,90082.8201612234,0,19.09,89.97,0.97,99.03,50.16,65.6549520766773,94.59,5.41,91182.13,100.33,53.95,9.54,28.95,7.57
298604,060352010,442,500,942,314,311,277,3.40072202166065,92512.9341903925,0,79.55,92.68,2.87,99.04,52.98,64.4200626959248,94.22,5.78,93643.88,100.64,46.95,8.02,36.26,8.78
298605,060352011,390,449,839,281,288,253,3.31620553359684,92245.716426909,0,80.36,90.39,6.41,99.64,49.28,58.0935251798561,96.05,3.95,93372.77,89.83,37.13,13.08,43.46,6.33
298612,060352105,168,213,381,184,149,94,4.0531914893617,19323.2455339432,0,100,99.46,0,100,36.86,61.0921501706485,100,0,19560.28,194.39,61.93,13.07,19.32,5.68
298625,060352208,204,272,476,215,291,215,2.21395348837209,32945.1376914978,0,99.07,99.07,0,100,43.28,71.2365591397849,100,0,33350.11,142.51,77.14,6.86,14.86,1.14
298630,060352301,230,243,473,165,385,142,3.33098591549296,104581.71856463,0,84.85,92.73,3.03,100,47.11,69.0751445086705,97.89,2.11,105864.55,44.66,62.03,6.96,19.62,11.39
298634,060352307,568,598,1166,326,295,283,4.12014134275618,90197.8295799112,0,86.62,38.96,14.72,99.39,56.58,59.0909090909091,77.74,22.26,91304.11,127.71,11.9,3.4,53.06,31.63
298637,060352310,443,475,918,325,370,314,2.92356687898089,101941.041822076,0,91.38,96,1.23,99.08,52.24,65.6877897990726,96.82,3.18,103189.42,88.95,53,7.77,32.86,6.36
298647,060352408,542,571,1113,350,372,343,3.24489795918367,104181.799948275,0,55.46,85.43,2.57,99.43,60.06,66.9971671388102,93,7,105456.57,105.5,31.92,11.92,48.08,8.08
298653,060352503,675,767,1442,447,423,397,3.63224181360202,214935.467097849,1.97,32.81,84.79,3.58,99.33,53.25,60.3036876355748,90.18,9.82,217557.22,66.27,32.98,5.85,47.07,14.1
298656,060352506,479,533,1012,330,364,329,3.07598784194529,146232.775210898,0,63.33,89.09,1.82,99.09,56.57,65.2905198776758,96.05,3.95,148015.56,68.38,40.77,4.62,46.54,8.08
298660,060352510,910,935,1845,555,571,514,3.58949416342412,244001.534411073,0,65.15,78.92,6.85,99.64,53.29,60.4611443210931,90.27,9.73,246978.78,74.7,29.84,9.48,47.58,13.1
298663,060352602,770,760,1530,414,393,379,4.03693931398417,34735.3923376501,38.89,94.09,49.52,10.63,97.34,57.02,59.3220338983051,80.74,19.26,35159.16,434.66,11.87,4.22,45.38,38.52
298685,060352711,887,912,1799,469,441,412,4.36650485436893,103074.093713284,81.94,8.91,0,21.75,99.79,54.15,54.9222797927461,49.76,50.24,104326.22,172.48,4.97,1.05,45.55,48.43
298694,060352807,366,411,777,261,272,247,3.14574898785425,83297.7805981636,0,18.77,91.19,1.53,100,54.26,65.5445544554455,95.55,4.45,84307.27,92.17,45.54,9.82,39.29,5.36
298696,060352901,298,350,648,223,239,211,3.07109004739337,161298.153843343,0,68.92,91.93,1.79,100,56.98,63.6155606407323,93.84,6.16,163256.04,39.68,43.35,7.51,43.35,5.78
298699,060352905,342,384,726,254,285,240,3.025,72666.6317702532,0,55.51,94.49,4.33,100,51.9,64.0684410646388,95.83,4.17,73546.84,98.78,46.05,5.58,40.93,7.44
298707,060353003,429,479,908,301,320,277,3.27797833935018,86579.6177648306,0,72.67,85.71,1,99.67,52.22,59.0443686006826,95.31,4.69,87628.52,103.65,29.77,7.63,51.53,11.07
298709,060353005,373,425,798,262,298,261,3.05747126436782,118310.676833987,0,74.43,91.6,1.53,99.62,48.73,62.8623188405797,95.79,4.21,119743.45,66.67,49.79,6.33,40.08,3.8
298716,060353103,355,380,735,271,316,249,2.95180722891566,143211.201625317,0,95.94,97.79,1.11,100,56.42,69.0875232774674,98.8,1.2,144940.55,50.72,57.73,8.64,27.27,6.36
298721,060353107,203,243,446,152,172,149,2.99328859060403,44407.7443490028,0,76.67,90.13,1.97,100,53.21,60.2564102564103,97.32,2.68,44945.14,99.33,35.21,13.38,42.96,8.45
298722,060353108,338,384,722,251,299,241,2.99585062240664,71504.4784491956,0,12.75,93.23,1.2,99.6,52.41,68.0722891566265,96.27,3.73,72369.05,99.72,48.89,7.11,35.56,8.44
298735,060353304,402,411,813,289,328,284,2.86267605633803,134966.864399478,0,98.27,87.89,3.46,100,52.36,67.7137870855148,95.77,4.23,136598.3,59.52,52.33,6.98,32.95,7.75
298738,060353307,387,428,815,295,361,290,2.81034482758621,84508.7057747841,0,98.64,96.61,1.69,99.32,45.9,67.5774134790528,97.93,2.07,85528.67,95.32,51.03,8.22,33.9,6.85
294446,060351203,178,229,407,166,192,164,2.48170731707317,37732.8443162283,0,100,100,1.2,98.8,41.55,55.2816901408451,100,0,38189.82,106.54,50.33,11.76,34.64,3.27
294729,060353301,469,496,965,320,352,269,3.58736059479554,214006.450247109,0,92.19,71.56,5.94,99.38,47.41,64.8351648351648,85.13,14.87,216591.33,44.55,55.35,8.87,29.97,5.81
298326,060351212,261,297,558,218,271,217,2.57142857142857,66787.6054711342,0,100,99.54,0.92,100,38.72,69.2307692307692,100,0,67599.27,82.54,69.4,8.19,17.24,5.17
298379,060350102,811,837,1648,418,195,185,8.90810810810811,1019011.56956559,0.74,88.51,11.24,11,99.52,56,58.0645161290323,85.41,14.59,1031449.07,15.98,9.44,1.67,54.17,34.72
298391,060350203,581,600,1181,299,296,287,4.11498257839721,505960.297755301,21.58,5.69,0.67,27.09,99.67,57.72,60.6177606177606,60.28,39.72,512207.32,23.06,10.34,3.07,54.79,31.8
298397,060350307,439,461,900,317,326,315,2.85714285714286,27314.0073765703,0,100,100,0.63,100,44.53,65.4340836012862,100,0,27651.24,324.91,63.28,7.76,25.37,3.58
298406,060350315,447,500,947,330,352,318,2.97798742138365,285919.129782021,0,92.73,91.82,1.21,97.88,46.39,66.2058371735791,94.03,5.97,289440.59,32.72,57.73,7.29,29.74,5.25
298416,060350410,356,376,732,248,264,230,3.18260869565217,83580.7567645907,0,72.58,91.13,2.02,100,58.64,68.5436893203884,92.17,7.83,84606.5,86.52,37.89,7.37,46.84,7.89
298422,060350415,331,361,692,253,245,224,3.08928571428571,71140.6744749546,0,98.81,98.81,0.4,100,42.22,73.5607675906183,98.66,1.34,72015.27,96.11,75.19,7.52,14.66,2.63
298423,060350501,292,304,596,193,211,184,3.23913043478261,101054.992557079,0,8.38,73.58,9.84,100,50.13,65.7142857142857,90.76,9.24,102288.38,58.26,48.89,6.11,35.56,9.44
298446,060350612,457,490,947,299,342,263,3.60076045627376,135722.765936404,0,86.96,88.63,5.02,99.33,56.25,70.78125,94.68,5.32,137378.86,68.92,46.56,10.53,33.6,9.31
298449,060350703,433,486,919,264,276,244,3.76639344262295,82072.0568457544,0,85.06,54.92,8.71,97.73,47.44,57.3055028462998,91.8,8.2,83071.69,110.59,30.97,7.84,45.9,15.3
298452,060350706,536,567,1103,363,379,340,3.24411764705882,144265.939281836,0,71.59,78.51,4.96,99.45,52.65,60.8938547486033,90.59,9.41,146025.54,75.55,30.77,7.36,49.5,12.37
298502,060351102,485,487,972,259,261,229,4.24454148471616,64265.3401990123,0,99.22,67.57,15.06,100,46.56,59.6219931271478,86.9,13.1,65043.65,149.54,35.47,6.79,47.17,10.57
298503,060351103,260,250,510,157,159,154,3.31168831168831,67128.1921689808,0,99.36,73.89,7.01,100,53.67,69.3333333333333,94.81,5.19,67941.59,75.11,45.57,12.03,34.81,7.59
298504,060351104,372,458,830,320,490,306,2.71241830065359,101318.381777419,0,97.8,95,3.44,99.06,43.22,67.2881355932203,97.39,2.61,102546.96,80.98,63.4,13.4,19.93,3.27
298508,060351108,447,481,928,365,442,354,2.62146892655367,112628.012502611,0,100,90.41,11.23,99.45,39.88,68.1268882175227,97.46,2.54,113994.34,81.4,70.68,7.4,18.08,3.84
298513,060351205,423,413,836,261,282,229,3.65065502183406,507608.064944029,0,90.73,76.25,4.21,100,43.88,62.1359223300971,91.7,8.3,513762.56,16.27,53.76,7.52,30.83,7.89
298525,060351308,332,351,683,245,314,242,2.82231404958678,62083.8856194764,0,92.65,96.33,2.45,100,41.44,68.2875264270613,99.17,0.83,62839.95,108.76,72.79,5.51,19.85,1.84
298541,060351502,346,466,812,312,363,305,2.66229508196721,22891.0857634842,0,100,100,0.32,100,46,70.1873935264054,99.02,0.98,23168.92,350,69.13,10.74,18.12,2.01
298542,060351503,398,463,861,340,367,337,2.55489614243323,24361.1235289574,0,99.71,100,0.29,82.94,47.26,70.4225352112676,99.41,0.59,24656.91,348.58,68.21,7.95,20.86,2.98
298545,060351506,702,758,1460,480,472,419,3.48448687350835,210606.919090908,2.06,81.76,79.38,7.5,100,50.54,63.1182795698925,90.93,9.07,213166.86,68.48,41.93,7.4,39.01,11.66
298550,060351512,292,348,640,239,275,229,2.79475982532751,71949.2440871,0,83.26,90.38,2.51,98.74,48.99,67.337807606264,96.07,3.93,72826.31,87.91,58.14,7.44,28.37,6.05
298553,060351603,382,489,871,288,322,279,3.12186379928315,94718.2997069359,0,17.01,87.5,2.08,100,50.26,64.1996557659208,96.77,3.23,95872.64,90.82,51.15,11.83,33.97,3.05
298560,060351611,353,368,721,245,253,224,3.21875,73757.6270650625,0,4.92,91.43,0.82,100,58.02,68.3168316831683,93.75,6.25,74655.31,96.52,49.44,12.92,33.71,3.93
298565,060351705,478,570,1048,352,362,333,3.14714714714715,115745.057010949,0,20.51,92.05,0.85,100,47.19,60.9550561797753,97.9,2.1,117156.26,89.42,51.18,9.76,35.21,3.85
298575,060351804,325,424,749,268,278,246,3.04471544715447,86249.9150570631,0,16.04,89.93,0,99.63,55.21,71.4285714285714,95.12,4.88,87302.8,85.8,54.21,5.14,33.64,7.01
298576,060351805,341,420,761,277,313,265,2.87169811320755,111888.2588377,0,6.86,84.48,2.17,100,44.74,55.640535372849,94.34,5.66,113254.39,67.17,40.84,8.02,41.22,9.92
298577,060351806,410,478,888,321,340,299,2.96989966555184,113064.022182107,0,16.82,90.97,1.25,100,50.48,66.2939297124601,94.98,5.02,114444.8,77.62,57.03,4.56,33.84,4.56
298581,060351810,341,348,689,254,295,252,2.73412698412698,73469.9813843966,0,5.51,90.55,1.97,99.61,58.25,69.0427698574338,95.63,4.37,74367.77,92.61,46.15,11.79,37.44,4.62
298586,060351903,403,449,852,325,400,323,2.63777089783282,134407.207158744,0,62.46,88.62,2.15,99.38,53.63,67.8217821782178,95.05,4.95,136052.77,62.6,53.54,7.48,32.68,6.3
298598,060352004,333,378,711,242,274,235,3.02553191489362,70348.1275861263,0,81.74,88.02,11.57,99.59,49.57,60.9913793103448,95.32,4.68,71210.62,99.86,49.32,9.95,32.13,8.6
298607,060352612,381,404,785,228,214,203,3.86699507389163,61815.4014998078,0,7.08,54.82,7.02,100,58.52,60.9865470852018,82.76,17.24,62568.22,125.4,13.14,2.86,60.57,23.43
298615,060352108,245,313,558,280,331,234,2.38461538461538,44826.6935455203,0,98.21,98.93,0,100,46.54,66.8257756563246,99.15,0.85,45377.58,122.91,70.05,10.63,17.87,1.45
298620,060352203,213,249,462,200,259,198,2.33333333333333,51345.7137411833,0,100,98.5,1.5,100,43.81,70.0906344410876,98.99,1.01,51977.43,88.85,67.02,10.11,20.74,2.13
298628,060352211,225,252,477,186,249,184,2.59239130434783,56059.371969223,0,98.92,97.85,0.54,99.46,40.56,66.7605633802817,100,0,56748.66,84.13,71.88,6.25,21.35,0.52
298633,060352306,478,570,1048,363,382,346,3.02890173410405,189072.718262672,0,74.17,75.21,18.73,98.9,57.1,67.8994082840237,90.75,9.25,191393.15,54.75,41.37,3.91,37.79,16.94
298644,060352405,352,391,743,248,287,248,2.99596774193548,79250.3776092231,0,87.5,92.74,2.02,99.6,57.09,69.8818897637795,96.37,3.63,80219.86,92.64,52.58,14.43,28.87,4.12
298648,060352409,576,567,1143,352,350,318,3.59433962264151,124502.370755613,0,12.39,77.27,4.26,99.72,55.73,62.844702467344,91.19,8.81,126024.98,90.71,27.53,7.67,52.96,11.85
298665,060352604,145,148,293,90,90,83,3.53012048192771,24340.2020888329,0,95.56,91.11,2.22,98.89,51.98,56.4971751412429,98.8,1.2,24637.03,119.11,13.51,12.16,60.81,13.51
298677,060352703,436,449,885,285,293,264,3.35227272727273,227777.808029354,3.53,30.8,49.12,12.98,98.95,57.84,63.5160680529301,76.52,23.48,230548.82,38.39,23.5,6.91,46.08,23.5
298679,060352705,369,410,779,246,224,191,4.07853403141361,90395.0192708671,7.3,35.83,60.16,4.88,97.15,63.04,67.3511293634497,82.2,17.8,91496.26,85.14,21.82,3.64,51.52,23.03
298684,060352710,472,505,977,282,289,271,3.60516605166052,245722.48514241,2.44,21.07,62.06,6.38,99.65,55.48,60.6164383561644,88.93,11.07,248705.74,39.28,22.22,7,56.38,14.4
298706,060353002,534,553,1087,311,317,298,3.64765100671141,89298.9945226908,0,90.49,83.28,4.5,100,57.28,62.2977346278317,96.98,3.02,90380.36,120.24,26.69,1.59,55.78,15.94
298708,060353004,544,627,1171,359,393,331,3.53776435045317,87414.102013886,0,74.72,83.01,5.01,100,51.53,63.091922005571,95.17,4.83,88472.18,132.32,39.29,8.79,40.66,11.26
298718,060353105,551,606,1157,373,369,331,3.49546827794562,288229.139373928,10.51,57.68,80.97,2.95,99.73,57.8,67.0634920634921,90.33,9.67,291713.38,39.66,34.88,10.96,41.86,12.29
298719,060353106,255,299,554,207,203,176,3.14772727272727,55878.0106328726,0,57.56,88.89,5.8,100,52.89,66.0526315789474,98.3,1.7,56554.09,97.88,49.69,13.5,34.36,2.45
298729,060353206,452,466,918,310,405,299,3.07023411371237,99563.6849826574,0,89.8,90.65,3.23,99.68,50.64,67.8456591639871,96.99,3.01,100764.88,91.07,57.24,6.55,29.66,6.55
298730,060353207,476,524,1000,343,406,333,3.003003003003,102540.617851466,0,85.71,92.42,1.75,99.42,48.04,65.8925979680697,98.5,1.5,103777.42,96.34,53.59,11.08,31.74,3.59
298734,060353303,503,634,1137,405,449,386,2.94559585492228,114969.80705744,0,96.79,86.91,2.47,100,47.33,64.4,95.08,4.92,116358.6,97.68,48.8,8.17,35.34,7.69
298736,060353305,224,268,492,183,238,182,2.7032967032967,87283.781596303,0,98.9,96.17,2.19,100,47.61,61.1267605633803,97.25,2.75,88338.11,55.72,53.5,10.83,33.76,1.91
298751,060353503,378,420,798,273,301,258,3.09302325581395,82060.9990859628,0,95.96,91.21,1.47,100,56.25,69.3014705882353,93.02,6.98,83049.93,96.14,53.43,9.31,34.31,2.94
331322,060350101,1301,1277,2578,731,511,491,5.25050916496945,5462535.99293605,5.2,14.9,0.14,29.41,97.95,51.95,54.0329575021683,48.68,51.32,5529435.47,4.66,7.75,3.01,51.58,37.66
294325,060350304,462,537,999,357,376,354,2.82203389830508,29162.990881443,0,100,99.72,0.56,99.72,44.56,64.4412191582003,99.44,0.56,29522.69,338.64,61.28,12.82,23.85,2.05
294499,060351508,420,451,871,324,352,312,2.79166666666667,107418.406585932,0,8.67,90.43,1.23,100,54.2,69.5222405271829,94.87,5.13,108725.75,80.13,54.62,12.31,27.69,5.38
298080,060351211,392,433,825,329,435,328,2.51524390243902,46658.4477376938,0,99.7,95.14,1.52,100,33.91,67.8200692041522,96.34,3.66,47225.36,174.79,75.91,7.84,15.13,1.12
298385,060350201,530,544,1074,321,276,266,4.03759398496241,5770069.98095953,3.77,4.21,0,30.84,71.65,59.31,61.5384615384615,46.24,53.76,5840940.35,1.84,9.17,3.06,49.78,37.99
298390,060350202,581,555,1136,278,260,258,4.4031007751938,4732742.39727892,2.83,8.21,0,16.91,100,58.33,60,65.5,34.5,4791174.88,2.37,6.48,1.62,49.8,42.11
298395,060350303,465,486,951,287,272,256,3.71484375,104537.815742671,0.35,21.2,65.85,8.36,98.95,54.55,61.5530303030303,86.33,13.67,105826.53,89.89,24.47,6.74,47.52,21.28
298405,060350314,383,428,811,277,299,272,2.98161764705882,115869.593446851,0,97.47,94.95,1.08,99.64,48.66,70.1252236135957,97.43,2.57,117295.48,69.14,64.55,10.82,20.9,3.73
298412,060350406,492,541,1033,342,336,308,3.3538961038961,119878.064666748,0,80.7,83.92,2.92,99.42,56.49,67.2566371681416,95.78,4.22,121348.34,85.16,40.35,7.72,43.16,8.77
298415,060350409,660,748,1408,435,436,407,3.45945945945946,146009.284936875,0,83.06,89.2,5.52,100,52.33,63.9689578713969,94.35,5.65,147802.84,95.26,41.38,8.05,38.85,11.72
298421,060350414,349,379,728,258,312,256,2.84375,22057.5058657527,0,98.45,100,0,98.84,49.9,68.8391038696538,99.61,0.39,22328.82,326.46,62.04,8.57,26.94,2.45
298424,060350502,565,676,1241,465,455,369,3.36314363143631,105732.359456807,0,92.26,95.27,0.22,98.92,44.09,67.6023391812866,96.75,3.25,107023.75,115.98,67.19,7.47,23.3,2.04
298435,060350602,491,592,1083,385,412,374,2.89572192513369,97761.7199271321,0,78.39,90.39,1.56,99.74,49.74,63.0952380952381,97.59,2.41,98954.56,109.39,46.08,11.14,37.65,5.12
298439,060350605,398,483,881,316,364,296,2.97635135135135,89302.4118613882,0,90.51,87.97,2.22,100,47.23,68.0781758957655,98.65,1.35,90391.87,97.46,62.27,4.76,29.67,3.3
298443,060350609,534,603,1137,315,324,307,3.70358306188925,34377.6128528118,0.98,98.73,98.1,1.59,99.05,51.18,54.8816568047337,99.02,0.98,34797.76,326.72,14.01,4.67,51.65,29.67
298445,060350611,380,417,797,218,228,214,3.72429906542056,144866.349761389,9.5,71.16,24.77,10.55,99.54,53.16,59.0163934426229,81.31,18.69,146636.34,54.37,20.64,3.21,51.38,24.77
298451,060350705,378,457,835,286,319,275,3.03636363636364,100616.138542458,0,67.02,80.77,4.2,99.65,50.77,61.3026819923372,93.45,6.55,101842.11,82.02,39.61,9.02,43.92,7.45
298465,060350807,352,352,704,227,229,220,3.2,51010.4597729929,0,92.12,34.36,22.91,98.68,54.48,59.7014925373134,81.36,18.64,51633.1,136.43,20.21,5.7,54.4,19.69
298467,060350809,401,432,833,267,239,224,3.71875,68368.5371608436,0,78.71,46.44,15.73,97.75,59.55,65.7084188911704,86.16,13.84,69202.26,120.38,22.58,9.68,46.54,21.2
298473,060350815,893,893,1786,501,186,171,10.4444444444444,152595.466541797,27.37,68.68,24.35,18.96,99.4,60.67,64.5555555555556,79.53,20.47,154459.01,115.6,13.63,1.95,55.96,28.47
298475,060350902,337,339,676,179,194,179,3.77653631284916,57836.7593225837,0.13,90.28,24.02,32.4,99.44,59.54,64.8026315789474,85.47,14.53,58541.54,115.56,18.18,2.8,51.75,27.27
298480,060350906,365,389,754,190,221,179,4.2122905027933,87685.7834705412,53.83,59.89,3.68,21.05,100,58.77,60.9230769230769,53.07,46.93,88753.81,84.91,7.43,0.68,46.62,45.27
298481,060350907,491,487,978,285,284,280,3.49285714285714,80491.331668973,99.99,58.92,0,31.58,99.65,57.67,58.3524027459954,26.07,73.93,81471.13,120,4.59,0.51,40.82,54.08
298484,060350910,755,723,1478,402,381,368,4.01630434782609,69716.8121825904,70.65,82.6,8.46,21.39,98.26,55.16,56.0862865947612,45.11,54.89,70564.48,209.35,5.97,1.26,49.69,43.08
298485,060350911,624,611,1235,336,334,306,4.0359477124183,49053.3712845445,96.9,68.71,2.08,34.82,96.43,58.69,59.4392523364486,26.8,73.2,49650.13,248.49,6.4,1.2,46.8,45.6
298505,060351105,633,741,1374,547,567,418,3.28708133971292,38329.2115573883,0,71.19,96.16,2.93,99.27,42.73,65.5737704918033,97.61,2.39,38794.36,354.12,68.22,7.56,20.74,3.49
298517,060351210,327,462,789,397,494,396,1.99242424242424,18943.980332315,0,99.75,99.75,0.76,100,39.81,72.5118483412322,99.75,0.25,19174.17,410.94,83.48,6.09,8.99,1.45
298520,060351304,380,410,790,302,375,295,2.67796610169492,105384.308600478,0,99.34,87.75,0.66,99.67,43.48,65.3913043478261,94.92,5.08,106666.66,74.04,64.11,6.62,26.13,3.14
298521,060351305,347,374,721,245,249,212,3.40094339622642,87905.6210474074,0,90.12,84.49,2.45,99.18,53.8,65.8227848101266,90.09,9.91,88975.74,81.01,46.67,9.52,36.19,7.62
298527,060351310,282,345,627,243,287,220,2.85,45704.7651594281,0,97.53,94.65,0.82,100,45.72,72.2972972972973,98.64,1.36,46261.65,135.42,73.13,11.45,11.89,3.52
298529,060351402,234,320,554,225,265,224,2.47321428571429,143125.095298931,0,96,97.33,0.44,99.56,45.89,69.3236714975845,99.55,0.45,144862.81,38.23,67.76,10.38,20.22,1.64
298563,060351703,411,455,866,299,326,290,2.98620689655172,89057.8466832042,0,46.31,91.3,2.01,99.33,50,65.9395973154362,95.52,4.48,90144.98,96.12,54.77,7.42,33.22,4.59
298564,060351704,396,470,866,323,356,307,2.82084690553746,72273.9933472276,0,49.54,91.95,1.24,99.69,46.15,58.9198036006547,96.42,3.58,73155.79,118.31,47.1,8.33,38.04,6.52
298571,060351711,304,361,665,232,241,211,3.15165876777251,127131.00794512,0,25,90.52,1.72,99.57,54.76,66.5961945031712,96.68,3.32,128679.01,51.67,46.41,12.15,30.94,10.5
298583,060351811,404,503,907,320,347,304,2.98355263157895,114549.725315154,0,4.08,87.19,2.19,100,54.92,65.7377049180328,93.09,6.91,115948.33,78.26,44.26,5.96,40,9.79
298588,060351905,408,507,915,324,387,314,2.9140127388535,116398.657418191,0,92.21,91.05,3.7,99.07,51.15,67.9389312977099,96.5,3.5,117824.59,77.67,52.1,15.03,29.02,3.85
298616,060352109,329,362,691,249,275,236,2.92796610169492,73880.235673666,0,95.16,95.58,0.8,100,44.21,72,97.03,2.97,74787.71,92.38,68.85,8.46,19.62,3.08
298635,060352308,415,425,840,212,205,191,4.3979057591623,68524.8213782012,0,95.73,41.51,6.13,100,48.25,51.9736842105263,89.53,10.47,69364.85,121.04,13.56,4.66,48.73,33.05
298650,060352411,668,730,1398,363,289,270,5.17777777777778,134571.576738834,0,21.29,47.66,9.64,93.39,58.63,61.8556701030928,81.11,18.89,136216.11,102.64,16.87,3.31,53.01,26.81
298655,060352505,490,560,1050,340,327,298,3.52348993288591,106659.255310774,6.96,75.15,77.65,5.88,99.71,56.63,63.7048192771084,90.27,9.73,107961.11,97.22,31.85,6.67,49.26,12.22
298657,060352507,399,457,856,301,302,277,3.09025270758123,101282.254525065,0,53.36,79.4,3.65,99.34,60.43,64.9280575539568,92.06,7.94,102517.46,83.51,26.11,8.37,55.17,10.34
298658,060352508,457,503,960,307,305,280,3.42857142857143,103880.706907979,0,83.01,85.67,3.58,100,50.16,57.4433656957929,92.5,7.5,105149.17,91.34,31.69,3.29,44.03,20.99
298667,060352607,480,537,1017,277,292,273,3.72527472527473,31992.8832203448,0,97.11,92.42,0.72,99.28,58.93,62.1993127147766,99.63,0.37,32382.94,313.89,18.8,2.14,58.97,20.09
298669,060352609,589,603,1192,303,277,268,4.44776119402985,45135.5643863678,0,20.57,14.52,18.81,99.01,54.28,55.3228621291449,48.13,51.87,45685.32,260.83,5.8,2.17,51.45,40.58
298687,060352713,349,429,778,230,214,194,4.01030927835052,88627.8040685225,0,7.89,71.74,4.35,99.57,56.09,62.8260869565217,91.24,8.76,89705.96,86.73,29.55,1.7,55.11,13.64
298697,060352903,483,526,1009,345,346,300,3.36333333333333,117022.287399292,0,17.49,87.83,1.74,99.13,57.89,67.8571428571429,95.67,4.33,118442.09,85.22,47.96,5.95,39.41,6.69
298712,060353008,478,559,1037,356,373,322,3.22049689440994,97484.9440534711,0,76.77,90.73,2.25,99.72,57.08,69.1970802919708,96.58,3.42,98666.11,105.07,46.09,7,40.33,6.58
298725,060353202,350,400,750,258,287,238,3.15126050420168,84203.9576206803,0,81.25,94.57,1.55,99.61,39.5,54.1984732824427,99.16,0.84,85218.02,88.03,41.35,12.78,34.21,11.65
298737,060353306,371,435,806,291,342,279,2.88888888888889,94047.299610734,0,99.66,92.44,1.72,100,52.46,68.1238615664845,94.27,5.73,95182.53,84.66,52.92,8.76,35.04,3.28
298740,060353401,383,417,800,264,278,221,3.61990950226244,301628.029337376,0,97.33,79.17,11.74,100,46.12,61.6257088846881,96.83,3.17,305276.2,26.2,49.43,8.68,33.96,7.92
298741,060353402,353,422,775,240,235,213,3.63849765258216,182604.447709344,0,95.36,77.92,5.83,99.58,50.63,60.9009009009009,93.43,6.57,184810.27,41.94,43.4,7.08,42.45,7.08
298743,060353404,350,395,745,259,263,206,3.61650485436893,73161.2485874891,0,94.96,85.71,15.44,99.61,41.63,55.7034220532319,96.12,3.88,74045.95,100.68,45.96,11.76,34.56,7.72
298752,060353504,384,416,800,246,263,226,3.53982300884956,86276.3981864452,0,97.15,90.65,2.85,100,56.69,65.1574803149606,89.38,10.62,87314.75,91.64,36.74,9.77,43.26,10.23
298754,060353506,381,405,786,253,248,222,3.54054054054054,66510.0494774003,0,98,82.21,5.14,100,52.59,62.7329192546584,94.59,5.41,67309.84,116.79,38.64,11.36,42.73,7.27
294272,060350105,221,259,480,149,158,146,3.28767123287671,33777.0835799221,0,98.65,27.52,6.71,99.33,68.88,75.1748251748252,73.97,26.03,34189.5,140.35,33,11,38,18
294377,060350512,367,411,778,271,296,264,2.9469696969697,69551.4809157252,0,87.08,91.14,0.37,98.52,54.58,68.4021543985637,95.08,4.92,70402.62,110.51,50.86,10.34,32.33,6.47
294592,060352606,385,435,820,223,237,217,3.77880184331797,22797.2148403525,0,99.55,90.13,1.79,98.21,59.45,64.968152866242,97.24,2.76,23075.13,354.98,17.1,10.36,59.07,13.47
298382,060350106,351,391,742,225,212,201,3.69154228855721,68527.0456695557,0,92.79,47.11,16.89,98.22,60.35,66.5198237885462,80.6,19.4,69363.46,106.92,28.74,6.59,54.49,10.18
298383,060350110,486,530,1016,286,268,262,3.87786259541985,91163.8456716905,0,89.29,59.44,13.99,98.25,57.19,61.5789473684211,88.93,11.07,92276.09,110.08,21.84,3.83,52.11,22.22
298384,060350111,485,463,948,256,188,171,5.54385964912281,103392.258418858,21.16,88.09,26.17,17.58,99.61,61.14,62.3222748815166,72.51,27.49,104652.77,90.54,6.86,1.47,43.14,48.53
298392,060350301,488,511,999,308,316,294,3.39795918367347,176718.699667156,0,5.96,72.4,4.87,97.4,55.43,63.6513157894737,87.41,12.59,178893.99,55.84,31.87,8.79,47.99,11.36
298411,060350405,540,605,1145,356,367,350,3.27142857142857,98576.6447170973,4.02,29.78,86.24,3.09,94.1,56.67,64.332892998679,95.71,4.29,99784.24,114.73,32.44,7.36,48.83,11.37
298414,060350408,408,456,864,250,257,229,3.77292576419214,138324.658697128,0,74.8,81.6,8.4,99.2,52.37,60.5313092979127,88.21,11.79,140023.28,61.71,33.6,6.88,50.61,8.91
298418,060351302,433,469,902,338,418,333,2.70870870870871,57348.5458722711,0,98.52,89.94,7.4,100,43.88,69.3163751987281,99.1,0.9,58045.83,155.52,62.94,5.75,28.43,2.88
298442,060350608,408,472,880,303,337,300,2.93333333333333,212688.12189055,0,96.37,95.71,0.33,100,52.31,65.8415841584158,96.67,3.33,215287.19,40.87,52.13,10.64,34.4,2.84
298460,060350802,338,335,673,174,189,173,3.89017341040462,20731.9246441424,0,100,91.95,1.15,99.43,61.54,63.8461538461538,95.95,4.05,20984.74,320.48,15.13,3.29,71.71,9.87
298466,060350808,320,360,680,215,217,200,3.4,63446.8017598987,0,79.25,64.65,13.02,97.67,56.28,65.0753768844221,87,13,64220.59,105.92,23.72,5.77,62.82,7.69
298472,060350814,341,348,689,222,237,200,3.445,98904.5886035804,0,71.82,64.86,10.81,100,48.56,56.2200956937799,89.5,10.5,100112.13,68.83,24.74,5.79,52.63,16.84
298478,060350904,1244,1366,2610,711,432,412,6.33495145631068,126710.99348712,71.28,60.68,7.17,18.85,99.44,50.71,52.3214285714286,39.08,60.92,128255.3,203.43,5.23,1.18,39.8,53.79
298486,060350912,295,338,633,191,146,135,4.68888888888889,46308.5453611612,1.79,91.3,51.83,15.18,96.34,47.43,51.7142857142857,84.44,15.56,46871.83,134.97,14.8,4.59,48.47,32.14
298559,060351610,469,495,964,334,356,322,2.99378881987578,83032.4933216572,0,5.14,90.42,3.59,100,52.95,62.3298033282905,93.79,6.21,84042.73,114.76,38.98,9.06,46.46,5.51
298566,060351706,354,394,748,266,293,244,3.0655737704918,73525.396781832,0,3.03,92.11,1.13,99.25,48.65,60.8108108108108,96.72,3.28,74421.91,100.54,48.62,11.47,37.16,2.75
298570,060351710,489,581,1070,351,384,342,3.12865497076023,99622.5818227232,0,9.46,87.46,2.85,100,54.23,65.4518950437318,95.32,4.68,100836.28,106.15,43.8,6.2,42.34,7.66
298572,060351801,387,456,843,286,335,278,3.03237410071942,120002.311040461,0,77.62,95.45,1.4,100,46.55,67.2697368421053,95.32,4.68,121469.16,69.38,58.39,12.59,25.17,3.85
298582,060352304,168,192,360,131,307,128,2.8125,52783.7617659271,0,98.47,97.71,0,99.24,47.52,66.9421487603306,96.87,3.13,53432.36,67.42,69.49,6.78,16.1,7.63
298600,060352006,415,481,896,287,320,275,3.25818181818182,96535.2729444504,0,83.51,82.93,4.88,99.65,53.57,62.6086956521739,94.91,5.09,97717.11,91.71,37.93,8.43,45.59,8.05
298602,060352008,477,505,982,343,356,320,3.06875,200527.828000128,0,84.55,90.38,1.75,100,50.44,61.9822485207101,91.56,8.44,202983.47,48.37,42.76,13.78,39.22,4.24
298606,060352305,472,547,1019,381,483,375,2.71733333333333,106198.766435146,0,90.26,92.39,1.84,99.21,52.19,67.3469387755102,94.67,5.33,107503.14,94.79,50.48,10.79,33.33,5.4
298608,060352101,544,591,1135,404,440,396,2.86616161616162,419323.230291128,0,91.34,95.3,2.23,100,50.64,68.974358974359,96.21,3.79,424459.76,26.74,56.91,10.3,31.17,1.63
298617,060352110,348,433,781,299,361,282,2.76950354609929,81207.0801183581,0,99.33,99,0,99.33,40.4,68.7385740402194,98.58,1.42,82203.92,95.01,72.55,10.46,15.36,1.63
298621,060352204,195,254,449,192,256,189,2.37566137566138,29501.1027369499,0,99.42,97.4,10.94,100,32.72,64.8318042813456,100,0,29864.01,150.17,70.73,12.2,12.68,4.39
298624,060352207,292,354,646,274,365,273,2.36630036630037,57755.8949052989,0,99.27,99.64,0,99.27,38.48,70.5761316872428,99.27,0.73,58465.41,110.43,78.24,6.49,12.6,2.67
298631,060352302,218,251,469,173,504,171,2.74269005847953,123877.382705986,0,93.64,95.38,2.89,99.42,49.54,68.3890577507599,98.25,1.75,125397.35,37.4,63.12,10.64,21.28,4.96
298639,060352312,667,685,1352,363,325,295,4.58305084745763,114330.162671834,0,58.72,39.39,15.98,99.72,59.97,63.5327635327635,76.61,23.39,115732.4,116.85,16.56,6.29,51.99,25.17
298668,060352608,422,434,856,235,213,202,4.23762376237624,58016.2253430486,0,11.45,45.96,7.23,97.87,55.37,60.2105263157895,70.79,29.21,58723.13,145.83,18.58,2.73,51.37,27.32
298670,060352610,917,979,1896,484,441,427,4.44028103044496,83417.0754753351,0,6.77,33.26,16.32,99.79,58.48,60.8080808080808,71.19,28.81,84432.62,224.64,10.05,3.04,51.17,35.75
298675,060352701,149,143,292,69,69,66,4.42424242424242,176166.494768694,9.17,22.22,2.9,27.54,98.55,45.95,47.7477477477478,28.79,71.21,178306.74,16.38,6.06,6.06,34.85,53.03
298680,060352706,874,848,1722,482,371,354,4.86440677966102,172010.340810895,16.23,19.14,41.91,13.28,99.38,52.9,55.5438225976769,79.66,20.34,174104.15,98.91,12.38,4.52,55.48,27.62
298691,060352804,357,405,762,272,295,259,2.94208494208494,81007.6764310598,0,13.24,89.34,0.37,100,47.43,60.2766798418972,98.84,1.16,81990.59,92.93,47.56,9.35,39.43,3.66
298698,060352904,385,440,825,267,261,205,4.02439024390244,89087.9534655213,0,15.73,88.39,3,100,59.93,69.6808510638298,94.63,5.37,90167.79,91.46,46.67,5.78,39.56,8
298723,060353109,278,305,583,219,201,169,3.44970414201183,66473.7627329081,0,12.39,91.32,1.37,100,60.86,70.6443914081146,97.04,2.96,67277.19,86.63,44,5.14,43.43,7.43
298745,060353406,487,520,1007,341,390,322,3.12732919254658,111416.607432455,2.8,96.18,85.63,3.81,100,44.14,60.6606606606607,96.27,3.73,112764.31,89.27,50.43,7.74,36.68,5.16
298755,060353507,335,375,710,242,245,218,3.25688073394495,93438.7453585947,0,95.85,83.06,4.13,100,54.23,66.1855670103093,95.87,4.13,94563.14,75.05,43.84,6.4,40.39,9.36
294474,060351403,441,496,937,335,367,318,2.94654088050314,113508.301995039,0,89.55,90.15,7.46,99.1,49.39,70.6686930091185,94.97,5.03,114887.99,81.55,63.09,8.52,23.34,5.05
294662,060352902,439,478,917,304,318,287,3.19512195121951,85031.6292612553,0,11.26,88.82,2.3,100,53.76,62.771285475793,95.12,4.88,86062.65,106.5,41.92,5.38,46.15,6.54
294696,060353010,399,430,829,300,344,295,2.81016949152542,74831.7685825229,0,80.6,92.67,4.67,99.67,59.59,69.7754749568221,94.58,5.42,75739.64,109.51,47.03,3.81,42.8,6.36
298380,060350103,363,394,757,239,238,216,3.50462962962963,95432.0303776711,0,77.31,58.58,8.37,98.74,57.58,64.2857142857143,91.2,8.8,96598.13,78.36,28.95,6.32,54.21,10.53
298398,060350308,380,440,820,291,306,289,2.83737024221453,20460.9974208139,0,100,100,2.41,100,49.46,69.4642857142857,100,0,20713.58,396.14,59.86,13.49,24.91,1.73
298402,060350311,465,517,982,334,345,329,2.98480243161094,143239.430489302,0,99.7,96.11,1.2,100,50.07,69.98556998557,98.48,1.52,145006.12,67.72,61.7,10.53,22.51,5.26
298413,060350407,486,585,1071,348,364,341,3.14076246334311,112048.709766269,0,80.4,81.9,3.45,100,58.79,68.299711815562,94.13,5.87,113423.79,94.44,36.3,4.98,47.69,11.03
298420,060350413,443,508,951,327,343,316,3.00949367088608,152585.469024599,0,94.19,96.02,0.92,100,52.71,68.0722891566265,99.05,0.95,154462.43,61.55,58.78,5.73,30.11,5.38
298426,060350504,526,617,1143,375,386,352,3.24715909090909,505772.246994555,0.08,11.83,78.4,4.53,97.87,62.23,71.2365591397849,91.76,8.24,511960.06,22.32,44.98,3.72,43.87,7.43
298457,060350711,267,374,641,191,328,162,3.95679012345679,73795.1833618283,0,74.03,84.29,6.28,99.48,50.25,60.8374384236453,95.06,4.94,74695.02,85.81,44,10.86,40.57,4.57
298459,060350801,450,536,986,274,304,264,3.73484848484848,16107.5458165854,0,95.22,89.42,8.03,100,58.52,62.6893939393939,95.45,4.55,16303.92,604.91,19.82,2.76,58.06,19.35
298482,060350908,644,619,1263,342,440,307,4.11400651465798,207300.429418683,48.62,62.12,0.29,27.19,99.71,57.89,58.2846003898635,38.44,61.56,209821.35,60.2,6.17,0.41,43.21,50.21
298491,060351003,428,488,916,297,323,285,3.2140350877193,154392.387052059,0.7,94.83,63.64,20.54,99.66,51.07,61.9642857142857,86.67,13.33,156266.65,58.61,37.16,8.81,39.85,14.18
298507,060351107,164,180,344,107,120,101,3.40594059405941,23233.7204814013,0,98,57.94,15.89,97.2,53.97,67.7248677248677,97.03,2.97,23515.4,146.38,45.24,3.57,34.52,16.67
298511,060351201,293,360,653,250,287,229,2.85152838427948,126078.794383168,0,99.2,99.2,0.8,99.6,43.6,68.5950413223141,99.13,0.87,127606.76,51.18,64.68,12.64,21.93,0.74
298534,060351408,421,470,891,294,349,287,3.10452961672474,112932.7430709,0.94,92.76,79.93,5.1,99.32,48.59,68.904593639576,89.55,10.45,114306.07,77.95,59.57,8.51,25.89,6.03
298538,060351412,306,333,639,216,237,204,3.13235294117647,72354.2271938473,0,97.22,90.28,2.31,100,42.79,67.1171171171171,98.04,1.96,73235.26,87.3,63.4,4.91,26.04,5.66
298547,060351509,317,433,750,261,278,241,3.11203319502075,83476.2238591909,0,5.75,89.27,2.3,100,61,70.8,93.78,6.22,84492.6,88.76,49.75,10.15,34.52,5.58
298549,060351511,340,430,770,264,304,261,2.95019157088123,100317.300009996,0,85.55,90.15,1.52,100,49.52,69.2898272552783,97.32,2.68,101539.32,75.86,63.2,8.55,25.65,2.6
298556,060351606,388,432,820,267,302,259,3.16602316602317,76242.624550283,0,15.36,94.01,1.87,100,50.9,64.9280575539568,94.21,5.79,77171.14,106.22,52.81,8.99,33.71,4.49
298561,060351701,364,449,813,296,332,282,2.88297872340426,115103.160887122,0,66.33,94.59,1.35,100,55.68,68.6486486486486,95.74,4.26,116507.75,69.79,53.67,10.09,31.65,4.59
298562,060351702,359,436,795,262,266,226,3.51769911504425,124230.201411307,0,87.02,95.04,1.53,99.24,51.59,71.9081272084806,99.56,0.44,125747.32,63.25,61.92,7.95,26.36,3.77
298578,060351807,306,359,665,248,301,242,2.74793388429752,98580.3446363974,0,85.89,93.15,0.4,97.58,55.04,72.1491228070175,98.35,1.65,99786.32,66.63,59.35,7.48,28.97,4.21
298580,060351809,409,431,840,306,337,302,2.78145695364238,84877.5123478174,0,4.9,88.24,2.94,99.67,51.64,63.2124352331606,95.03,4.97,85914.41,97.79,47.01,7.57,39.84,5.58
298590,060351907,384,437,821,289,225,188,4.36702127659574,94418.2955819964,0,9,84.78,3.11,98.96,53.41,61.5101289134438,95.74,4.26,95572.97,85.88,33.75,5.83,48.75,11.67
298597,060352003,510,579,1089,438,531,431,2.52668213457077,96837.6071855426,0,98.86,97.95,0.68,99.54,45.71,68.1177976952625,97.91,2.09,98025.48,111.12,66.9,7.8,23.17,2.13
298599,060352005,422,446,868,304,294,261,3.32567049808429,90397.4356876612,0,83.5,94.41,2.63,100,53.07,65.358361774744,94.64,5.36,91504.82,94.86,44.9,8.57,36.73,9.8
298609,060352102,477,566,1043,391,408,381,2.73753280839895,115667.911365151,0,91.82,95.65,1.02,100,51.8,68.4913217623498,99.48,0.52,117086.92,89.07,62.57,8.86,25.43,3.14
298610,060352103,273,312,585,205,238,204,2.86764705882353,65475.9456284046,0,96.1,95.61,0.49,100,47.32,70.9756097560976,98.53,1.47,66278.84,88.24,65.77,10.81,21.17,2.25
298622,060352205,239,294,533,201,251,201,2.65174129353234,56587.2090265751,0,100,99,0.5,98.51,42.04,78.5900783289817,99.5,0.5,57282.98,93.02,81.69,7.51,10.8,0
298638,060352311,457,536,993,323,336,303,3.27722772277228,95949.3118672967,0,83.13,85.76,3.1,99.38,58.91,66.5116279069767,92.08,7.92,97125.16,102.27,39.15,7.66,42.13,11.06
298641,060352402,465,475,940,315,303,277,3.39350180505415,98242.1231034994,0,66.13,88.25,2.22,99.05,50.72,59.84,93.14,6.86,99445.41,94.57,32.99,13.61,45.24,8.16
298642,060352403,612,663,1275,406,374,351,3.63247863247863,131444.22343874,0,69.98,81.53,2.96,100,58.66,66.5841584158416,93.73,6.27,133054.28,95.79,30.89,7.01,50.64,11.46
298645,060352406,419,490,909,307,327,300,3.03,102013.952058673,0,88.6,94.14,2.28,100,54.4,65.3786707882535,97,3,103260.98,88,47.06,7.84,38.04,7.06
298646,060352407,419,501,920,317,292,270,3.40740740740741,97912.6487262249,0,81.21,91.17,4.73,98.74,55.78,67.8125,96.3,3.7,99110.25,92.84,41.77,13.25,37.75,7.23
298654,060352504,382,431,813,277,324,270,3.01111111111111,90969.5464847684,0,84.67,80.14,3.97,100,57.04,62.1013133208255,88.89,11.11,92080.59,88.27,25.82,3.76,56.81,13.62
298664,060352603,383,390,773,208,219,200,3.865,29773.9911892712,18.55,99.52,89.9,2.88,98.08,56.86,60.3485838779956,99,1,30137.1,256.81,16.47,3.53,52.35,27.65
298666,060352605,972,1041,2013,593,613,578,3.48269896193772,48992.036129117,0,96.28,98.15,0.51,99.16,53.48,57.0364238410596,98.62,1.38,49589.2,405.85,14.09,5.16,57.34,23.41
298673,060352614,476,463,939,267,252,240,3.9125,36537.0992258489,0,9.13,31.09,14.23,100,57.7,59.7535934291581,61.25,38.75,36981.75,253.78,12.5,2.08,45.31,40.1
298676,060352702,388,458,846,261,277,245,3.4530612244898,79539.3667032123,0,5.06,90.42,3.07,100,53.02,60.6761565836299,94.29,5.71,80506.28,105.09,29.07,12.33,44.93,13.66
298682,060352708,202,205,407,128,118,106,3.83962264150943,58599.1903392076,2.03,12.6,54.69,6.25,100,60.57,64.6341463414634,91.51,8.49,59311.38,68.63,25.49,3.92,56.86,13.73
298686,060352712,665,763,1428,412,323,291,4.90721649484536,253842.35580492,10.25,10.29,48.3,9.95,99.51,54.33,59.4147582697201,86.25,13.75,256929.11,55.59,17.6,7.4,52.55,22.45
298688,060352714,630,611,1241,297,275,268,4.63059701492537,180640.452347666,13.18,78.45,46.46,15.15,100,58.09,59.0643274853801,78.36,21.64,182834.21,67.89,4.4,0.8,40,54.8
298710,060353006,414,514,928,333,375,319,2.90909090909091,116443.953527391,0,78.31,88.89,1.2,99.4,57,69.8872785829308,94.98,5.02,117855.34,78.71,46.64,9.49,38.34,5.53
298724,060353201,482,544,1026,353,358,308,3.33116883116883,169760.643287063,0,98.86,91.78,4.25,100,47.89,64.256480218281,96.75,3.25,171806.62,59.72,53.33,10.3,33.33,3.03
298742,060353403,281,322,603,223,237,201,3,71119.9019664526,0,100,90.58,4.04,100,51.72,68.1372549019608,94.03,5.97,71979.77,83.75,58.17,1.96,33.99,5.88
298748,060353409,320,372,692,252,247,209,3.311004784689,181804.902412832,0,94.42,83.33,2.78,99.6,52.45,63.6734693877551,93.3,6.7,183999.54,37.61,43.11,9.78,40,7.11
298756,060353508,354,378,732,247,284,242,3.02479338842975,65069.5643873215,0,97.97,88.26,1.21,100,55.07,65.0099403578529,93.8,6.2,65853.15,111.08,40.7,5.53,46.23,7.54
294447,060351204,152,212,364,146,168,146,2.49315068493151,30670.5392614454,0,100,99.32,0,100,47.47,66.9260700389105,100,0,31042.2,117.42,70.68,7.52,21.05,0.75
298360,060352803,444,471,915,298,304,280,3.26785714285714,73670.6574606895,0,10.1,87.25,3.02,100,53.7,62.7946127946128,92.5,7.5,74564.91,122.65,36.25,7.5,45.42,10.83
298377,060350108,242,263,505,175,159,146,3.45890410958904,49200.0691985767,0,88.41,44.57,18.86,98.86,56.04,63.4228187919463,91.1,8.9,49800.3,101.41,20.16,3.23,52.42,24.19
298381,060350104,362,361,723,217,162,140,5.16428571428571,181554.321066857,0,93.5,41.47,14.29,99.54,55.15,60.4118993135012,87.86,12.14,183772.26,39.34,18.23,4.17,55.73,21.88
298394,060350302,622,650,1272,341,298,282,4.51063829787234,103002.567430019,1.82,13.99,46.63,8.8,98.53,56.15,60.4444444444444,86.88,13.12,104271.38,121.96,18.77,6.47,52.43,22.33
298401,060351413,290,324,614,210,222,194,3.16494845360825,62140.2042924017,0,97.62,52.38,0.95,99.52,51.91,65.5737704918033,98.45,1.55,62897.58,97.62,41.4,5.91,41.4,11.29
298403,060350312,344,406,750,248,254,244,3.07377049180328,140915.500926733,0,100,96.37,6.05,100,48.74,67.6982591876209,99.18,0.82,142652.73,52.56,59.44,8.84,26.51,5.22
298425,060350503,334,396,730,291,329,291,2.5085910652921,40267.5740309358,0,98.97,100,0,99.31,38.74,66.1257606490872,100,0,40759.27,178.92,64.65,9.55,23.25,2.55
298427,060350505,1586,1646,3232,830,716,690,4.68405797101449,237533.473078966,41.95,8.66,23.25,23.37,94.58,55.33,58.4842387659289,71.88,28.12,240444.18,134.44,10.52,4.83,48.39,36.26
298436,060350603,426,526,952,337,376,321,2.96573208722741,78077.670941174,0,87.83,88.72,1.78,100,48.68,68.9705882352941,96.88,3.12,79029.53,120.51,62.38,7.21,27.59,2.82
298444,060350610,425,492,917,266,267,255,3.59607843137255,121635.055377483,0.52,98.1,94.74,4.89,95.86,57.07,62.6811594202899,98.04,1.96,123122.64,74.49,24.72,2.62,53.93,18.73
298454,060350708,149,169,318,117,297,116,2.74137931034483,78095.5124172866,0,76.72,84.62,3.42,98.29,49.79,62.2317596566524,96.55,3.45,79047.24,40.25,41.07,3.57,47.32,8.04
298463,060350805,192,222,414,112,116,112,3.69642857142857,31062.3644112647,0,96.36,88.39,6.25,100,51.23,54.5081967213115,95.54,4.46,31441.12,131.85,20.45,4.55,53.41,21.59
298464,060350806,347,390,737,233,228,198,3.72222222222222,63911.73151825,0,93.86,55.79,18.88,100,57.44,63.2558139534884,89.9,10.1,64691.48,113.91,23.39,6.43,52.63,17.54
298468,060350810,298,305,603,180,151,148,4.07432432432432,57880.0700442195,0,59.78,35.56,14.44,96.11,59.36,62.5730994152047,81.76,18.24,58585.93,102.9,17.65,0.74,55.88,25.74
298474,060350901,393,387,780,229,149,140,5.57142857142857,73295.314617604,0,80.79,11.79,34.06,94.32,54.9,56.701030927835,80,20,74187.91,105.12,7.37,2.63,60.53,29.47
298487,060350913,423,448,871,294,267,249,3.49799196787149,65239.9195970297,10.42,85.96,58.84,10.2,99.32,63.15,69.4817658349328,86.75,13.25,66033.76,131.97,23.19,4.35,51.21,21.26
298489,060351001,402,342,744,256,270,249,2.98795180722892,401558.060274176,0.07,76.6,36.72,35.16,98.83,50.24,59.2857142857143,85.94,14.06,406431.1,18.31,31.31,5.14,38.32,25.23
298490,060351002,975,1138,2113,905,1150,899,2.3503893214683,21828.7272615433,0,100,99.89,0.44,100,42.55,65.4186521443159,100,0,22093.5,956.11,65.27,9.79,22.38,2.56
298498,060351010,345,397,742,299,376,295,2.51525423728814,25545.3411337137,0,100,100,0.67,100,35.37,75.717017208413,100,0,25855.6,286.49,84.08,6.31,7.21,2.4
298500,060351012,271,376,647,283,310,272,2.37867647058824,35043.0490015149,0,98.58,99.65,0.35,100,38.74,71.3995943204868,98.9,1.1,35468.77,182.25,76.43,4.64,15.71,3.21
298533,060351407,245,283,528,174,213,171,3.08771929824561,40527.3595357537,0,98.85,99.43,0.57,100,40.78,72.6256983240224,97.08,2.92,41020.32,128.78,72.02,7.8,15.6,4.59
298535,060351409,292,373,665,285,366,281,2.36654804270463,49161.4619553685,0,100,99.3,0,99.3,36.42,71.6535433070866,97.86,2.14,49759.79,133.53,77.7,10.47,11.49,0.34
298558,060351608,483,537,1020,357,360,320,3.1875,98606.2654268742,0,15.25,84.31,3.64,99.44,54.15,64.1921397379913,94.69,5.31,99804.93,102.2,40.65,7.42,44.84,7.1
298579,060351808,291,363,654,229,264,223,2.93273542600897,57051.8146470785,0,50.22,95.2,0,100,50.22,65.5844155844156,99.1,0.9,57749.28,113.34,54.9,7.84,33.82,3.43
298587,060351904,343,391,734,272,316,266,2.7593984962406,82338.9162923098,0,43.38,94.85,1.1,100,56.29,66.9793621013133,98.12,1.88,83347.3,88.12,45.54,10.8,36.15,7.51
298589,060351906,420,505,925,319,304,268,3.45149253731343,101340.124395728,0,79.62,86.83,1.88,99.06,57.95,66.0714285714286,92.16,7.84,102580.31,90.16,37.5,12.07,46.98,3.45
298614,060352107,314,307,621,212,251,209,2.97129186602871,78655.0374343991,0,97.64,98.58,0.94,99.53,42.89,65.034965034965,97.61,2.39,79620.76,78.02,67.69,6.55,20.96,4.8
298618,060352201,696,754,1450,421,365,357,4.06162464985994,120168.574052513,13.66,31.17,24.7,18.76,100,49.66,55.1677852348993,54.34,45.66,121648.21,119.24,20.68,5.67,42.49,31.16
298627,060352210,354,388,742,260,288,236,3.14406779661017,111446.773774922,0.08,95.38,98.46,0,100,43.93,65.625,97.88,2.12,112817.67,65.78,68.23,6.35,23.41,2.01
298661,060352511,559,644,1203,385,410,367,3.27792915531335,138210.969899334,0,99.48,98.7,1.04,100,59.81,69.3222354340071,100,0,139897.98,85.99,47,9.19,39.22,4.59
298683,060352709,470,503,973,303,300,271,3.59040590405904,149192.834133163,0.01,10.7,74.59,4.95,100,54.63,59.7444089456869,95.2,4.8,151006.53,64.44,22.31,5.77,53.46,18.46
298690,060352802,521,561,1082,340,346,311,3.47909967845659,129622.729102969,3.65,15.57,76.76,7.06,100,60.78,66.8174962292609,86.5,13.5,131196.94,82.47,28.47,8.76,44.16,18.61
298693,060352806,426,519,945,321,344,302,3.12913907284768,95149.8691916466,0,10.63,84.11,4.98,100,61.95,70.440251572327,94.37,5.63,96302.52,98.13,36.4,7.02,48.68,7.89
298695,060352808,457,523,980,340,356,320,3.0625,103607.537182212,0,10.06,90,3.24,99.41,59.67,69.7108066971081,94.37,5.63,104864.02,93.42,43.78,4.42,38.55,13.25
298703,060352909,286,322,608,219,242,199,3.05527638190955,71997.585381031,0,12.79,92.69,1.83,100,58.12,67.2941176470588,92.96,7.04,72869.2,83.4,47.89,7.75,38.73,5.63
298726,060353203,428,503,931,325,339,296,3.14527027027027,142473.697915763,0,88.89,85.54,5.23,99.08,47.73,62.5978090766823,95.61,4.39,144190.36,64.56,50,6.49,37.01,6.49
298728,060353205,312,365,677,244,308,237,2.85654008438819,73554.1357566118,0,98.77,95.49,1.23,100,51.5,65.450643776824,97.89,2.11,74442.26,90.99,54.68,8.87,31.53,4.93
298731,060353208,364,418,782,286,370,283,2.76325088339223,113318.388973176,0,83.86,91.26,1.05,98.95,58.9,75.045871559633,98.59,1.41,114684.88,68.18,56.05,11.66,28.7,3.59
298733,060353302,407,437,844,311,359,292,2.89041095890411,70318.0613129213,0,97.43,89.39,3.86,100,48.87,68.1739130434783,96.58,3.42,71166.42,118.54,59.93,7.62,30.79,1.66
298747,060353408,382,433,815,251,296,235,3.46808510638298,156650.641515613,0,92.83,88.45,4.38,99.2,52.4,63.943161634103,98.3,1.7,158542.58,51.42,45.06,10.28,36.36,8.3
298376,060350107,384,391,775,245,240,215,3.6046511627907,78947.8306157432,0,96.3,48.16,11.02,99.59,56.66,62.979683972912,89.77,10.23,79911.81,97,24.88,2.44,58.05,14.63
298396,060350305,336,391,727,252,271,250,2.908,18719.0730295777,0,100,100,0.4,100,47.69,67.1153846153846,100,0,18950.01,382.63,57.52,9.77,27.82,4.89
298409,060350403,526,555,1081,325,305,289,3.74048442906574,91934.3558928818,52.71,18.55,69.85,10.15,99.08,57.81,63.6212624584718,86.51,13.49,93061.8,116.11,19.57,5.34,60.85,14.23
298419,060350412,451,467,918,273,263,242,3.79338842975207,111348.440511882,0,94.44,92.67,1.1,100,52.55,63.8330757341577,96.28,3.72,112716.73,81.46,49.64,9.49,33.94,6.93
298429,060350507,707,783,1490,438,307,272,5.47794117647059,175030.384899497,11.42,17.97,61.19,7.99,99.09,50.79,57.3333333333333,83.82,16.18,177172.13,84.09,26.71,3.55,48.46,21.28
298433,060350511,355,405,760,269,306,265,2.86792452830189,105172.606066585,0,94.4,93.68,1.49,99.63,49.81,64.1263940520446,95.85,4.15,106459.2,71.36,52.3,8.37,35.15,4.18
298440,060350606,449,512,961,321,365,313,3.0702875399361,103452.677275134,0,71.16,81.93,4.67,100,54.8,64.5695364238411,95.85,4.15,104715.82,91.79,37.22,4.14,43.98,14.66
298447,060350701,334,384,718,225,210,179,4.01117318435754,151447.073816568,8.07,68.3,61.33,8.89,99.11,51.94,57.630979498861,82.68,17.32,153291.91,46.84,24.76,7.14,51.9,16.19
298450,060350704,421,419,840,267,285,229,3.66812227074236,86058.8770057112,0,68.91,74.91,5.99,99.63,55.26,65.7894736842105,90.39,9.61,87107.27,96.44,36.48,8.58,48.93,6.01
298455,060350709,153,184,337,124,275,108,3.12037037037037,112735.985511594,0,70.16,85.48,1.61,99.19,56.33,65.938864628821,97.22,2.78,114110.53,29.54,39.56,14.29,37.36,8.79
298469,060350811,406,393,799,238,241,214,3.73364485981308,127302.806912124,0,76.82,60.5,9.24,98.32,54.74,61.0526315789474,85.51,14.49,128855.56,61.99,27.54,4.83,53.62,14.01
298470,060350812,1430,1780,3210,1116,1150,1024,3.134765625,119228.025295757,0,99.82,99.55,1.43,97.31,54.54,62.8192999053926,97.95,2.05,120683.3,265.95,34.42,9.03,45.6,10.95
298479,060350905,430,445,875,231,231,223,3.9237668161435,272036.494220689,10.22,71.24,0.43,14.29,100,54.2,54.7826086956522,64.57,35.43,275348.27,31.78,3.81,0.48,40.48,55.24
298493,060351005,247,322,569,195,233,192,2.96354166666667,49076.2578359246,0,96.41,90.26,2.05,100,44.64,60.7142857142857,95.83,4.17,49672.55,114.49,55.03,5.29,34.92,4.76
298495,060351007,354,460,814,345,454,338,2.40828402366864,59301.7362849712,0,99.13,95.65,0.29,100,43.59,68.75,98.82,1.18,60021.54,135.67,71.34,7.17,18.38,3.12
298496,060351008,203,253,456,230,308,227,2.00881057268722,24642.8666528165,0,100,99.57,0.43,100,43.72,71.8579234972678,100,0,24942.03,183.13,73.23,14.14,10.61,2.02
298499,060351011,292,358,650,249,264,243,2.67489711934156,50005.2014326453,0,98.79,89.56,6.83,99.6,43.76,65.2078774617068,96.3,3.7,50612.92,128.46,59.68,7.51,29.64,3.16
298512,060351202,386,464,850,330,363,326,2.60736196319018,73008.2973999586,0,98.48,98.18,0.91,99.09,48.77,68.8013136288998,99.08,0.92,73892.52,115.02,65.07,11.03,22.06,1.84
298526,060351309,216,259,475,192,213,185,2.56756756756757,32674.1227683127,0,94.79,93.75,0.52,100,44.38,68.0851063829787,96.76,3.24,33072.14,143.5,66.09,9.2,21.84,2.87
298537,060351411,282,277,559,150,175,146,3.82876712328767,50298.1850357652,0,97.33,78.67,0.67,99.33,43.65,59.6685082872928,97.26,2.74,50910.96,109.82,51.93,10.5,29.28,8.29
298551,060351601,213,261,474,187,243,185,2.56216216216216,55307.1655712724,0,47.06,81.28,2.14,100,47.72,65.9574468085106,100,0,55981.83,84.64,57.96,10.83,30.57,0.64
298552,060351602,413,515,928,333,386,326,2.84662576687117,102285.533690989,0,24.92,91.59,0.3,99.4,46.87,63.8167938931298,94.48,5.52,103532.71,89.66,60.26,10.1,27.36,2.28
298554,060351604,179,212,391,136,158,134,2.91791044776119,54682.1701233387,0,13.97,79.41,2.21,99.26,54.34,63.0188679245283,90.3,9.7,55348.41,70.71,35.25,8.2,50,6.56
298567,060351707,406,476,882,302,325,287,3.07317073170732,85703.3680563569,0,6.35,96.69,2.32,100,52.94,65.7142857142857,96.52,3.48,86748.96,101.73,49.43,10.73,36.78,3.07
298568,060351708,355,423,778,288,316,273,2.84981684981685,88316.0111157298,0,5.9,94.44,2.78,100,51.95,63.821892393321,96.7,3.3,89392.83,87.02,39.75,11.07,43.44,5.74
298569,060351709,353,389,742,273,295,270,2.74814814814815,85750.3183413744,0,4.03,84.25,3.3,99.63,53.33,62.4761904761905,91.48,8.52,86795.41,85.48,37.1,10.75,41.4,10.75
298584,060351901,401,443,844,292,347,286,2.95104895104895,76031.3728124499,0,44.86,94.18,0.34,98.63,55.82,67.7908937605396,95.8,4.2,76961.14,109.61,51.08,7.36,32.03,9.52
298592,060351909,421,450,871,296,304,266,3.27443609022556,96890.8302355409,0,76.19,88.85,2.36,100,55.94,67.986230636833,95.86,4.14,98075.84,88.79,47.83,5.14,40.71,6.32
298593,060351910,560,609,1169,389,441,383,3.05221932114882,137266.384361863,0,84.82,84.58,5.4,99.74,53.84,60.5820105820106,91.38,8.62,138944.03,84.16,32.82,6.19,47.99,13
298594,060351911,516,555,1071,343,384,332,3.22590361445783,184116.421319023,7.58,55.62,62.97,4.66,98.54,51.41,59.8811292719168,86.75,13.25,186364.94,57.46,30.35,7.99,44.73,16.93
298596,060352002,460,531,991,391,433,387,2.56072351421189,22358.497104764,0,100,100,0.51,93.09,39.33,75.4498714652956,100,0,22632.72,438.5,82.23,6.85,9.14,1.78
298601,060352007,465,526,991,358,376,307,3.22801302931596,140842.464390755,0,77.12,88.27,2.23,99.16,54.07,66.4244186046512,97.07,2.93,142565.42,69.5,49.43,13.69,31.18,5.7
298611,060352104,237,283,520,204,278,201,2.58706467661692,52444.0717457831,0,96.57,96.08,0.98,100,47.86,68.9839572192513,99.5,0.5,53086.98,97.93,64.74,8.09,24.28,2.89
298613,060352106,215,254,469,180,236,173,2.71098265895954,50907.3170989752,0,98.88,97.78,0.56,100,41.98,68.5131195335277,97.69,2.31,51532.01,91.07,71.67,7.22,18.89,2.22
298629,060352212,54,73,127,49,234,47,2.70212765957447,71582.679192394,0,91.84,95.92,2.04,100,52.81,70.7865168539326,95.74,4.26,72462.52,17.52,53.66,9.76,31.71,4.88
298632,060352303,275,346,621,255,402,246,2.52439024390244,84068.5689229965,0,96.86,97.65,0.78,98.82,44.59,63.2696390658174,97.97,2.03,85100.78,72.97,67.1,9.52,21.21,2.16
298636,060352309,364,436,800,280,297,263,3.04182509505703,113925.454900324,0,85.71,87.5,4.29,99.29,49.91,63.2270168855535,96.2,3.8,115321.41,69.38,43.3,9.96,42.53,4.21
298640,060352401,420,529,949,331,313,296,3.20608108108108,103202.465013027,0,90.33,90.63,0.91,99.7,50.45,62.1987951807229,97.3,2.7,104465.57,90.81,41.11,10.74,40,8.15
298649,060352410,489,578,1067,347,365,320,3.334375,237915.221300125,0,35.36,94.81,2.59,99.71,52.11,62.1542940320233,97.5,2.5,240821.62,44.31,46.05,8.55,38.49,6.91
298651,060352501,320,341,661,194,193,171,3.86549707602339,73834.7245791554,0,2.62,79.38,3.09,98.97,54.86,62.3441396508728,90.64,9.36,74733.98,88.49,34.32,7.69,47.34,10.65
298652,060352502,427,454,881,266,286,263,3.34980988593156,95792.3497804403,0,12.83,78.95,7.14,99.62,55.04,63.4892086330935,91.25,8.75,96959.64,90.82,41.07,4.02,45.54,9.38
298659,060352509,446,504,950,316,334,295,3.22033898305085,136293.909867048,0,83.65,92.09,2.85,99.05,55.31,62.8617363344052,94.92,5.08,137959.41,68.84,39.92,12.35,39.51,8.23
298671,060352611,748,836,1584,436,375,366,4.32786885245902,116671.291595571,0,6.89,50.46,12.61,100,55.64,58.7709497206704,71.86,28.14,118092,134.12,19.81,6.19,48.61,25.39
298674,060352615,470,541,1011,332,350,305,3.31475409836066,100813.766365647,0,6.77,57.53,8.13,100,53.27,56.6993464052288,79.34,20.66,102041.08,99.12,15.41,3.58,44.44,36.56
298681,060352707,789,768,1557,374,272,264,5.89772727272727,224402.134173453,13.87,32.13,1.34,23.26,99.47,57.21,57.6576576576577,53.41,46.59,227130.81,68.56,4.28,0.5,48.36,46.85
298692,060352805,436,459,895,299,304,272,3.29044117647059,77583.1807069555,0,14.05,90.3,1.34,99.67,54.83,63.6666666666667,95.22,4.78,78524.02,114.01,42.52,7.87,40.94,8.66
298702,060352908,362,390,752,242,269,241,3.12033195020747,73801.4715343751,0,16.6,90.08,1.24,100,55.12,68.9013035381751,95.44,4.56,74694.39,100.67,55.8,4.46,34.82,4.91
298704,060353001,483,559,1042,347,380,338,3.08284023668639,517879.755858511,0,69.36,80.12,7.49,99.71,52.8,63.6913767019667,87.87,12.13,524145.09,19.88,35.33,8.83,47,8.83
298714,060353101,196,227,423,156,192,151,2.80132450331126,53651.4255620539,0,83.33,96.79,0.64,99.36,50.81,66.6666666666667,96.03,3.97,54299.69,77.9,58.46,8.46,28.46,4.62
298715,060353102,209,251,460,161,231,156,2.94871794871795,85390.1495900005,0,87.58,92.55,0.62,99.38,49.38,67.1875,98.08,1.92,86421.67,53.24,66.22,4.73,22.3,6.76
298717,060353104,435,520,955,401,515,392,2.43622448979592,15449.654486239,0,98.75,99.75,1,100,49.42,69.164265129683,98.98,1.02,15636.17,612.18,64.77,10.23,19.89,5.11
298739,060353308,341,404,745,254,303,238,3.13025210084034,84930.5364660621,0,98.43,96.85,1.97,99.61,51.36,65.5038759689922,94.96,5.04,85955.28,86.63,52.59,13.36,30.17,3.88
298744,060353405,388,412,800,244,300,242,3.30578512396694,124472.123059988,0,98.36,94.67,1.64,100,48.2,61.8595825426945,97.93,2.07,125978.5,63.49,50.57,6.42,38.49,4.53
298746,060353407,271,328,599,242,300,238,2.51680672268908,72095.7429045588,0,99.59,91.32,9.09,98.76,52.04,68.3453237410072,96.22,3.78,72967.38,82.05,54.3,10.22,26.34,9.14
294326,060350306,481,555,1036,363,366,354,2.92655367231638,31874.824078247,0,100,100,0,100,46.5,68.4636118598383,100,0,32268.15,320.74,62.47,11.02,22.57,3.94
297868,060352613,395,393,788,207,180,180,4.37777777777778,32101.9670203328,0,8.29,30.92,10.14,99.52,54.52,55.5276381909548,66.67,33.33,32492.64,242.46,6.88,3.7,49.74,39.68
298061,060350109,239,237,476,142,113,104,4.57692307692308,50427.2547654035,0,85.92,47.89,27.46,99.3,59.84,62.992125984252,91.35,8.65,51042.45,93.33,9.09,7.27,54.55,29.09
298399,060350309,258,282,540,180,183,178,3.03370786516854,7610.4466342479,0,100,100,0,100,50,67.4731182795699,100,0,7704.38,701.3,53.76,14.52,29.03,2.69
298400,060350310,329,341,670,223,235,221,3.0316742081448,16316.2400704026,0,100,99.55,0,100,49,62.3608017817372,100,0,16517.6,406.06,45.53,11.06,37.87,5.53
298404,060350313,499,550,1049,334,341,312,3.36217948717949,124336.130271673,0,5.09,88.32,3.89,99.1,59.26,69.7777777777778,95.83,4.17,125867.85,83.32,44.64,8.93,40,6.43
298407,060350401,685,732,1417,406,322,311,4.55627009646302,113936.186714992,38.69,17.13,46.31,11.82,99.01,59.07,65.7657657657658,75.88,24.12,115333,122.9,26.95,3.57,45.13,24.35
298410,060350404,661,701,1362,365,288,272,5.00735294117647,147460.113487512,45.99,24.72,48.49,13.7,99.45,51.2,55.5869872701556,81.25,18.75,149269.07,91.23,19.28,4.88,56.81,19.02
298431,060350509,418,458,876,319,335,295,2.96949152542373,93706.3564174175,0,88.71,95.92,1.88,99.06,51.63,69.3023255813954,96.95,3.05,94851.9,92.31,61.68,9.12,24.09,5.11
298432,060350510,383,469,852,295,309,265,3.21509433962264,99825.9663499594,0,88.81,94.24,1.69,100,51.52,71.1148648648649,96.6,3.4,101045.78,84.36,61.25,9,26.3,3.46
298438,060350604,363,432,795,269,279,244,3.25819672131148,101760.187548637,0,92.13,94.42,1.12,98.88,48.27,65.5769230769231,96.31,3.69,103001.25,77.18,58.33,7.54,30.16,3.97
298441,060350607,284,305,589,207,259,204,2.88725490196078,54303.1242075441,0,72.95,89.37,2.9,98.55,61.65,72.0873786407767,94.61,5.39,54966.09,107.09,45.95,4.73,36.49,12.84
298456,060350710,192,211,403,138,320,123,3.27642276422764,93045.507291615,0,69.57,80.43,1.45,99.28,61.24,71.7054263565892,91.87,8.13,94181.01,42.78,33.65,4.81,45.19,16.35
298462,060350804,459,565,1024,321,340,316,3.24050632911392,71779.8624991179,0,95.33,97.2,1.56,97.51,61.5,68.4049079754601,98.42,1.58,72654.62,140.85,28.37,10.23,52.09,9.3
298471,060350813,646,671,1317,344,296,284,4.63732394366197,219400.859488025,5.89,54.57,19.77,26.45,84.01,52.51,57.2123176661264,65.49,34.51,222081.16,59.3,14.51,2.21,50.79,32.49
298476,060351609,437,470,907,325,388,318,2.85220125786164,97913.7854966521,0,4.92,89.85,0.92,100,52.99,64.4518272425249,97.17,2.83,99104.58,91.52,46.3,5.56,43.33,4.81
298477,060350903,300,292,592,159,139,119,4.97478991596639,110719.963212226,0.04,92.36,15.09,22.64,98.11,56.04,56.4102564102564,52.94,47.06,112068.31,52.81,1.92,5.13,62.18,30.77
298483,060350909,284,340,624,193,195,182,3.42857142857143,35672.6801757216,85.01,73.37,1.04,16.58,99.48,55.89,56.2289562289562,37.91,62.09,36106.28,172.85,1.67,0.83,45,52.5
298492,060351004,457,510,967,310,322,305,3.17049180327869,201842.018419802,0.35,94.81,57.1,23.55,99.35,52.87,61.8279569892473,87.21,12.79,204294.83,47.33,28.52,6.46,46.01,19.01
298501,060351101,293,286,579,203,194,154,3.75974025974026,263437.100806162,0,83.8,50.25,21.67,96.06,52.5,61.5625,82.47,17.53,266627.97,21.72,27.91,4.07,45.93,22.09
298509,060351109,225,336,561,275,373,273,2.05494505494505,25896.2940885127,0,99.64,99.27,1.45,99.64,38.12,71.9730941704036,99.63,0.37,26210.66,214.12,80.08,10.79,7.47,1.66
298519,060351303,327,419,746,291,345,271,2.75276752767528,86997.58905828,0,95.12,91.75,4.47,99.66,41.78,65.7844990548204,96.68,3.32,88055.6,84.68,62.91,9.82,22.18,5.09
298524,060351307,299,339,638,219,259,199,3.20603015075377,80319.8727813065,0,60.73,91.32,3.2,98.63,54.11,69.4063926940639,97.99,2.01,81298.67,78.47,55.96,12.95,28.5,2.59
298531,060351405,287,348,635,246,295,245,2.59183673469388,34900.4691847861,0,99.59,98.37,0.41,99.59,37.25,70.5882352941177,100,0,35325.11,179.89,71.68,7.53,17.92,2.87
298540,060351501,377,402,779,207,206,194,4.01546391752577,456247.78524382,0,91.09,88.89,9.66,100,55.69,59.0047393364929,97.94,2.06,461779.81,16.87,19.31,3.96,59.41,17.33
298543,060351504,377,394,771,277,263,202,3.81683168316832,409400.903056353,0,95.31,89.89,10.83,100,51.34,66.4750957854406,97.52,2.48,414371.79,18.61,51.54,9.62,32.31,6.54
298544,060351505,485,533,1018,256,254,242,4.20661157024793,43451.685289979,0,96.43,94.53,8.98,87.89,59.44,62.2489959839357,97.11,2.89,43979.68,231.36,14.63,3.25,44.72,37.4
298555,060351605,388,415,803,264,302,251,3.199203187251,68184.1373799443,0,3.04,93.56,2.65,99.62,51.93,64.0366972477064,95.22,4.78,69014.56,116.38,52.21,11.5,34.07,2.21
298574,060351803,367,386,753,264,276,244,3.08606557377049,95504.1941490173,0,19.32,89.77,0.38,100,57.51,69.3877551020408,93.85,6.15,96669.78,77.87,50.43,9.13,34.35,6.09
298585,060351902,460,512,972,333,357,316,3.07594936708861,93348.7680397034,0,37.24,90.69,1.8,99.4,55.42,67.9566563467492,93.99,6.01,94491.03,102.86,41.92,12.03,39.86,6.19
298591,060351908,391,441,832,273,302,269,3.09293680297398,79785.2947720885,0,23.81,87.18,2.56,98.53,57.66,65.5855855855856,93.68,6.32,80760.53,102.97,35.2,9.69,43.37,11.73
298595,060352001,461,531,992,365,409,335,2.96119402985075,131711.627857447,0,87.4,95.07,1.64,99.18,42.58,63.6498516320475,97.31,2.69,133325.83,74.42,58.45,12.32,24.64,4.58
298603,060352009,411,461,872,312,309,280,3.11428571428571,95844.8940630853,0,90.06,93.59,2.24,99.68,53.08,62.2296173044925,91.79,8.21,97017.09,89.9,41.98,8.49,42.92,6.6
298619,060352202,303,347,650,262,289,256,2.5390625,64148.5863004625,0,97.7,96.56,1.91,100,45.72,68.8935281837161,96.87,3.13,64938.05,100.15,68.13,10.36,18.33,3.19
298623,060352206,327,384,711,275,345,269,2.64312267657993,77829.3954797387,0,98.91,98.91,0.36,99.64,42.47,67.5146771037182,99.63,0.37,78785.46,90.23,67.78,10.37,20,1.85
298626,060352209,276,333,609,227,286,223,2.73094170403587,76986.0172818303,0,98.24,99.12,1.76,100,46.76,71.9907407407407,99.55,0.45,77932.23,78.18,74.13,6.97,13.93,4.98
298643,060352404,481,528,1009,347,354,325,3.10461538461538,101265.018823862,0,71.3,85.3,4.03,98.27,55.74,63.6764705882353,93.23,6.77,102504.67,98.44,34.08,9.36,43.82,12.73
298662,060352601,658,729,1387,410,418,374,3.70855614973262,419190.81901747,4.16,80.6,68.29,6.34,98.78,55.81,62.6347305389222,84.76,15.24,424301.51,32.69,28.77,6.3,43.84,21.1
298678,060352704,1173,1161,2334,611,532,526,4.43726235741445,86829.9449717402,60.47,72.22,21.93,13.42,99.84,51.28,53.1135531135531,62.93,37.07,87887.02,265.53,8.35,1.36,43.11,47.18
298689,060352801,500,572,1072,354,382,337,3.18100890207715,106692.012149073,0,12.99,86.72,1.69,99.72,50.07,61.4305750350631,95.55,4.45,107986.4,99.26,44.28,8.5,42.23,4.99
298700,060352906,394,441,835,296,337,293,2.84982935153584,73319.3200705051,0,27.76,91.89,11.82,99.66,54.28,63.8698630136986,94.88,5.12,74207.14,112.53,44.17,13.33,38.75,3.75
298701,060352907,328,426,754,263,301,259,2.91119691119691,73063.5186281204,0,26.24,91.25,3.04,100,54.6,66.0919540229885,94.59,5.41,73948.02,102.03,47.24,7.54,38.69,6.53
298711,060353007,505,507,1012,341,351,305,3.31803278688525,96953.0554298759,0,80.59,83.58,2.05,99.41,50.78,61.9115549215407,95.08,4.92,98128.77,103.16,42.63,9.29,44.23,3.85
298713,060353009,410,451,861,284,298,275,3.13090909090909,78155.8678874373,0,45.77,85.92,2.11,99.65,57.35,65.0537634408602,93.09,6.91,79103.22,108.85,39.27,8.68,42.47,9.59
298727,060353204,392,448,840,301,337,291,2.88659793814433,98506.5600201488,0,95.02,90.03,2.33,100,51.78,67.741935483871,96.56,3.44,99694.74,84.25,51.13,6.39,35.34,7.14
298749,060353501,497,560,1057,332,332,306,3.45424836601307,725056.248936329,1.29,76.51,81.93,2.41,99.4,55.83,65.3237410071942,91.5,8.5,733788.82,14.4,30.79,6.95,50,12.25
298750,060353502,428,444,872,288,305,273,3.19413919413919,119727.67404753,0,95.14,88.19,3.47,99.65,56.54,68.2512733446519,94.87,5.13,121171.36,71.95,50,7.98,34.45,7.56
298753,060353505,745,806,1551,463,454,420,3.69285714285714,129050.158034801,29.11,57.48,69.33,4.97,99.78,55.71,62.6768226332971,89.29,10.71,130601.08,118.76,25.48,5.77,48.56,20.19
